[
{
    "model": "contenttypes.contenttype",
    "pk": 1,
    "fields": {
        "app_label": "admin",
        "model": "logentry"
    }
},
{
    "model": "contenttypes.contenttype",
    "pk": 2,
    "fields": {
        "app_label": "auth",
        "model": "permission"
    }
},
{
    "model": "contenttypes.contenttype",
    "pk": 3,
    "fields": {
        "app_label": "auth",
        "model": "group"
    }
},
{
    "model": "contenttypes.contenttype",
    "pk": 4,
    "fields": {
        "app_label": "auth",
        "model": "user"
    }
},
{
    "model": "contenttypes.contenttype",
    "pk": 5,
    "fields": {
        "app_label": "contenttypes",
        "model": "contenttype"
    }
},
{
    "model": "contenttypes.contenttype",
    "pk": 6,
    "fields": {
        "app_label": "sessions",
        "model": "session"
    }
},
{
    "model": "contenttypes.contenttype",
    "pk": 7,
    "fields": {
        "app_label": "quiz",
        "model": "choice"
    }
},
{
    "model": "contenttypes.contenttype",
    "pk": 8,
    "fields": {
        "app_label": "quiz",
        "model": "question"
    }
},
{
    "model": "contenttypes.contenttype",
    "pk": 9,
    "fields": {
        "app_label": "quiz",
        "model": "music"
    }
},
{
    "model": "contenttypes.contenttype",
    "pk": 10,
    "fields": {
        "app_label": "quiz",
        "model": "subject"
    }
},
{
    "model": "contenttypes.contenttype",
    "pk": 11,
    "fields": {
        "app_label": "quiz",
        "model": "word"
    }
},
{
    "model": "sessions.session",
    "pk": "xbuj1afiz77e9f7s3h5zmd3u6b2ljnf6",
    "fields": {
        "session_data": "NzcxYzViNDFiMmMzZjMzM2ExNWUxZjI3ODhiZmU1YTJiMzNhYzE2ZTp7Il9hdXRoX3VzZXJfaWQiOiIxIiwiX2F1dGhfdXNlcl9iYWNrZW5kIjoiZGphbmdvLmNvbnRyaWIuYXV0aC5iYWNrZW5kcy5Nb2RlbEJhY2tlbmQiLCJfYXV0aF91c2VyX2hhc2giOiI1OWQwZmRlMTNiN2ZjZmMyZGY4OTllYjkyYmU0ZmVhNmZkMWUzZDc1In0=",
        "expire_date": "2019-05-26T15:18:27.624Z"
    }
},
{
    "model": "quiz.question",
    "pk": 1,
    "fields": {
        "question_text": "Con kh\u1ec9 ti\u1ebfng anh l\u00e0 g\u00ec ?",
        "pub_date": "2019-05-12T15:25:46Z"
    }
},
{
    "model": "quiz.question",
    "pk": 2,
    "fields": {
        "question_text": "Question 1",
        "pub_date": "2019-05-13T05:05:33Z"
    }
},
{
    "model": "quiz.question",
    "pk": 3,
    "fields": {
        "question_text": "Question 2",
        "pub_date": "2019-05-13T05:05:43Z"
    }
},
{
    "model": "quiz.question",
    "pk": 4,
    "fields": {
        "question_text": "Question 3",
        "pub_date": "2019-05-13T05:05:50Z"
    }
},
{
    "model": "quiz.question",
    "pk": 5,
    "fields": {
        "question_text": "Question 4",
        "pub_date": "2019-05-13T05:05:58Z"
    }
},
{
    "model": "quiz.question",
    "pk": 6,
    "fields": {
        "question_text": "Question 5",
        "pub_date": "2019-05-13T05:06:05Z"
    }
},
{
    "model": "quiz.question",
    "pk": 7,
    "fields": {
        "question_text": "Question 6",
        "pub_date": "2019-05-13T05:06:12Z"
    }
},
{
    "model": "quiz.question",
    "pk": 8,
    "fields": {
        "question_text": "Question 7",
        "pub_date": "2019-05-13T05:06:19Z"
    }
},
{
    "model": "quiz.question",
    "pk": 9,
    "fields": {
        "question_text": "Question 8",
        "pub_date": "2019-05-13T05:06:25Z"
    }
},
{
    "model": "quiz.question",
    "pk": 10,
    "fields": {
        "question_text": "Question 9",
        "pub_date": "2019-05-13T05:06:31Z"
    }
},
{
    "model": "quiz.question",
    "pk": 11,
    "fields": {
        "question_text": "Question 10",
        "pub_date": "2019-05-13T05:06:37Z"
    }
},
{
    "model": "quiz.question",
    "pk": 12,
    "fields": {
        "question_text": "Question 11",
        "pub_date": "2019-05-13T05:06:44Z"
    }
},
{
    "model": "quiz.question",
    "pk": 13,
    "fields": {
        "question_text": "Question 12",
        "pub_date": "2019-05-13T05:06:53Z"
    }
},
{
    "model": "quiz.choice",
    "pk": 1,
    "fields": {
        "question": 1,
        "choice_text": "Monkey",
        "isCorrectAnswer": true
    }
},
{
    "model": "quiz.choice",
    "pk": 2,
    "fields": {
        "question": 1,
        "choice_text": "Elephant",
        "isCorrectAnswer": false
    }
},
{
    "model": "quiz.choice",
    "pk": 3,
    "fields": {
        "question": 1,
        "choice_text": "Cat",
        "isCorrectAnswer": false
    }
},
{
    "model": "quiz.choice",
    "pk": 4,
    "fields": {
        "question": 1,
        "choice_text": "Dog",
        "isCorrectAnswer": false
    }
},
{
    "model": "quiz.choice",
    "pk": 5,
    "fields": {
        "question": 2,
        "choice_text": "1",
        "isCorrectAnswer": true
    }
},
{
    "model": "quiz.choice",
    "pk": 6,
    "fields": {
        "question": 2,
        "choice_text": "2",
        "isCorrectAnswer": false
    }
},
{
    "model": "quiz.choice",
    "pk": 7,
    "fields": {
        "question": 2,
        "choice_text": "3",
        "isCorrectAnswer": false
    }
},
{
    "model": "quiz.choice",
    "pk": 8,
    "fields": {
        "question": 2,
        "choice_text": "4",
        "isCorrectAnswer": false
    }
},
{
    "model": "quiz.choice",
    "pk": 9,
    "fields": {
        "question": 3,
        "choice_text": "1",
        "isCorrectAnswer": true
    }
},
{
    "model": "quiz.choice",
    "pk": 10,
    "fields": {
        "question": 3,
        "choice_text": "2",
        "isCorrectAnswer": false
    }
},
{
    "model": "quiz.choice",
    "pk": 11,
    "fields": {
        "question": 3,
        "choice_text": "3",
        "isCorrectAnswer": false
    }
},
{
    "model": "quiz.choice",
    "pk": 12,
    "fields": {
        "question": 3,
        "choice_text": "4",
        "isCorrectAnswer": false
    }
},
{
    "model": "quiz.choice",
    "pk": 13,
    "fields": {
        "question": 4,
        "choice_text": "1",
        "isCorrectAnswer": false
    }
},
{
    "model": "quiz.choice",
    "pk": 14,
    "fields": {
        "question": 4,
        "choice_text": "2",
        "isCorrectAnswer": true
    }
},
{
    "model": "quiz.choice",
    "pk": 15,
    "fields": {
        "question": 4,
        "choice_text": "3",
        "isCorrectAnswer": false
    }
},
{
    "model": "quiz.choice",
    "pk": 16,
    "fields": {
        "question": 4,
        "choice_text": "4",
        "isCorrectAnswer": false
    }
},
{
    "model": "quiz.choice",
    "pk": 17,
    "fields": {
        "question": 5,
        "choice_text": "1",
        "isCorrectAnswer": false
    }
},
{
    "model": "quiz.choice",
    "pk": 18,
    "fields": {
        "question": 5,
        "choice_text": "2",
        "isCorrectAnswer": false
    }
},
{
    "model": "quiz.choice",
    "pk": 19,
    "fields": {
        "question": 5,
        "choice_text": "3",
        "isCorrectAnswer": true
    }
},
{
    "model": "quiz.choice",
    "pk": 20,
    "fields": {
        "question": 5,
        "choice_text": "4",
        "isCorrectAnswer": false
    }
},
{
    "model": "quiz.choice",
    "pk": 21,
    "fields": {
        "question": 6,
        "choice_text": "1",
        "isCorrectAnswer": false
    }
},
{
    "model": "quiz.choice",
    "pk": 22,
    "fields": {
        "question": 6,
        "choice_text": "2",
        "isCorrectAnswer": false
    }
},
{
    "model": "quiz.choice",
    "pk": 23,
    "fields": {
        "question": 6,
        "choice_text": "3",
        "isCorrectAnswer": false
    }
},
{
    "model": "quiz.choice",
    "pk": 24,
    "fields": {
        "question": 6,
        "choice_text": "4",
        "isCorrectAnswer": true
    }
},
{
    "model": "quiz.choice",
    "pk": 25,
    "fields": {
        "question": 7,
        "choice_text": "1",
        "isCorrectAnswer": false
    }
},
{
    "model": "quiz.choice",
    "pk": 26,
    "fields": {
        "question": 7,
        "choice_text": "2",
        "isCorrectAnswer": true
    }
},
{
    "model": "quiz.choice",
    "pk": 27,
    "fields": {
        "question": 7,
        "choice_text": "3",
        "isCorrectAnswer": false
    }
},
{
    "model": "quiz.choice",
    "pk": 28,
    "fields": {
        "question": 7,
        "choice_text": "4",
        "isCorrectAnswer": false
    }
},
{
    "model": "quiz.choice",
    "pk": 29,
    "fields": {
        "question": 8,
        "choice_text": "1",
        "isCorrectAnswer": false
    }
},
{
    "model": "quiz.choice",
    "pk": 30,
    "fields": {
        "question": 8,
        "choice_text": "2",
        "isCorrectAnswer": false
    }
},
{
    "model": "quiz.choice",
    "pk": 31,
    "fields": {
        "question": 8,
        "choice_text": "3",
        "isCorrectAnswer": true
    }
},
{
    "model": "quiz.choice",
    "pk": 32,
    "fields": {
        "question": 8,
        "choice_text": "4",
        "isCorrectAnswer": false
    }
},
{
    "model": "quiz.choice",
    "pk": 33,
    "fields": {
        "question": 9,
        "choice_text": "1",
        "isCorrectAnswer": false
    }
},
{
    "model": "quiz.choice",
    "pk": 34,
    "fields": {
        "question": 9,
        "choice_text": "2",
        "isCorrectAnswer": true
    }
},
{
    "model": "quiz.choice",
    "pk": 35,
    "fields": {
        "question": 9,
        "choice_text": "3",
        "isCorrectAnswer": false
    }
},
{
    "model": "quiz.choice",
    "pk": 36,
    "fields": {
        "question": 9,
        "choice_text": "4",
        "isCorrectAnswer": false
    }
},
{
    "model": "quiz.choice",
    "pk": 37,
    "fields": {
        "question": 10,
        "choice_text": "1",
        "isCorrectAnswer": true
    }
},
{
    "model": "quiz.choice",
    "pk": 38,
    "fields": {
        "question": 10,
        "choice_text": "2",
        "isCorrectAnswer": false
    }
},
{
    "model": "quiz.choice",
    "pk": 39,
    "fields": {
        "question": 10,
        "choice_text": "3",
        "isCorrectAnswer": false
    }
},
{
    "model": "quiz.choice",
    "pk": 40,
    "fields": {
        "question": 10,
        "choice_text": "4",
        "isCorrectAnswer": false
    }
},
{
    "model": "quiz.choice",
    "pk": 41,
    "fields": {
        "question": 11,
        "choice_text": "1",
        "isCorrectAnswer": false
    }
},
{
    "model": "quiz.choice",
    "pk": 42,
    "fields": {
        "question": 11,
        "choice_text": "2",
        "isCorrectAnswer": true
    }
},
{
    "model": "quiz.choice",
    "pk": 43,
    "fields": {
        "question": 11,
        "choice_text": "3",
        "isCorrectAnswer": false
    }
},
{
    "model": "quiz.choice",
    "pk": 44,
    "fields": {
        "question": 11,
        "choice_text": "4",
        "isCorrectAnswer": false
    }
},
{
    "model": "quiz.choice",
    "pk": 45,
    "fields": {
        "question": 12,
        "choice_text": "1",
        "isCorrectAnswer": false
    }
},
{
    "model": "quiz.choice",
    "pk": 46,
    "fields": {
        "question": 12,
        "choice_text": "2",
        "isCorrectAnswer": false
    }
},
{
    "model": "quiz.choice",
    "pk": 47,
    "fields": {
        "question": 12,
        "choice_text": "3",
        "isCorrectAnswer": false
    }
},
{
    "model": "quiz.choice",
    "pk": 48,
    "fields": {
        "question": 12,
        "choice_text": "4",
        "isCorrectAnswer": true
    }
},
{
    "model": "quiz.choice",
    "pk": 49,
    "fields": {
        "question": 13,
        "choice_text": "1",
        "isCorrectAnswer": false
    }
},
{
    "model": "quiz.choice",
    "pk": 50,
    "fields": {
        "question": 13,
        "choice_text": "2",
        "isCorrectAnswer": false
    }
},
{
    "model": "quiz.choice",
    "pk": 51,
    "fields": {
        "question": 13,
        "choice_text": "3",
        "isCorrectAnswer": false
    }
},
{
    "model": "quiz.choice",
    "pk": 52,
    "fields": {
        "question": 13,
        "choice_text": "4",
        "isCorrectAnswer": true
    }
},
{
    "model": "quiz.subject",
    "pk": 1,
    "fields": {
        "subject": "Animals",
        "image": "subject/Animals/animal.jpg"
    }
},
{
    "model": "quiz.subject",
    "pk": 2,
    "fields": {
        "subject": "Fruits",
        "image": "subject/Fruits/fruit.jpg"
    }
},
{
    "model": "quiz.subject",
    "pk": 3,
    "fields": {
        "subject": "Numbers",
        "image": "subject/Numbers/number.jpg"
    }
},
{
    "model": "quiz.subject",
    "pk": 4,
    "fields": {
        "subject": "Transports",
        "image": "subject/Transports/transport.jpg"
    }
},
{
    "model": "quiz.subject",
    "pk": 5,
    "fields": {
        "subject": "Colors",
        "image": "subject/Colors/color.jpg"
    }
},
{
    "model": "quiz.word",
    "pk": 1,
    "fields": {
        "subject": 1,
        "vietnamese": "Con m\u00e8o",
        "english": "Cat",
        "image": "word/Cat/cat.png",
        "audio": "word/Cat/cat.mp3"
    }
},
{
    "model": "quiz.word",
    "pk": 2,
    "fields": {
        "subject": 1,
        "vietnamese": "Con ch\u00f3",
        "english": "Dog",
        "image": "word/Dog/dog.png",
        "audio": "word/Dog/dog.mp3"
    }
},
{
    "model": "quiz.word",
    "pk": 3,
    "fields": {
        "subject": 1,
        "vietnamese": "Con ng\u1ef1a",
        "english": "Horse",
        "image": "word/Horse/horse.jpg",
        "audio": "word/Horse/horse.mp3"
    }
},
{
    "model": "quiz.word",
    "pk": 4,
    "fields": {
        "subject": 1,
        "vietnamese": "Con g\u1ea5u t\u00fai",
        "english": "Koala",
        "image": "word/Koala/koala.png",
        "audio": "word/Koala/koala.mp3"
    }
},
{
    "model": "quiz.word",
    "pk": 5,
    "fields": {
        "subject": 1,
        "vietnamese": "Con g\u1ea5u",
        "english": "Bear",
        "image": "word/Bear/bear.jpg",
        "audio": "word/Bear/bear.mp3"
    }
},
{
    "model": "quiz.word",
    "pk": 6,
    "fields": {
        "subject": 2,
        "vietnamese": "Qu\u1ea3 t\u00e1o",
        "english": "Apple",
        "image": "word/Apple/apple.jpg",
        "audio": "word/Apple/apple.mp3"
    }
},
{
    "model": "quiz.word",
    "pk": 7,
    "fields": {
        "subject": 2,
        "vietnamese": "Ch\u00f9m nho",
        "english": "Grapes",
        "image": "word/Grapes/grapes.jpg",
        "audio": "word/Grapes/grapes.mp3"
    }
},
{
    "model": "quiz.word",
    "pk": 8,
    "fields": {
        "subject": 2,
        "vietnamese": "Qu\u1ea3 d\u1ee9a",
        "english": "Pineapple",
        "image": "word/Pineapple/pineapple.jpg",
        "audio": "word/Pineapple/pineapple.mp3"
    }
},
{
    "model": "quiz.word",
    "pk": 9,
    "fields": {
        "subject": 2,
        "vietnamese": "Qu\u1ea3 d\u01b0a h\u1ea5u",
        "english": "Watermelon",
        "image": "word/Watermelon/watermelon.jpg",
        "audio": "word/Watermelon/watermelon.mp3"
    }
},
{
    "model": "quiz.word",
    "pk": 10,
    "fields": {
        "subject": 3,
        "vietnamese": "S\u1ed1 0",
        "english": "Zero",
        "image": "word/Zero/zero.jpg",
        "audio": "word/Zero/zero.mp3"
    }
},
{
    "model": "quiz.word",
    "pk": 11,
    "fields": {
        "subject": 3,
        "vietnamese": "S\u1ed1 6",
        "english": "Six",
        "image": "word/Six/six.jpg",
        "audio": "word/Six/six.mp3"
    }
},
{
    "model": "quiz.word",
    "pk": 12,
    "fields": {
        "subject": 3,
        "vietnamese": "S\u1ed1 9",
        "english": "Nine",
        "image": "word/Nine/nine.jpg",
        "audio": "word/Nine/nine.mp3"
    }
},
{
    "model": "quiz.word",
    "pk": 13,
    "fields": {
        "subject": 4,
        "vietnamese": "Xe \u00f4 t\u00f4",
        "english": "Car",
        "image": "word/Car/car.jpg",
        "audio": "word/Car/car.mp3"
    }
},
{
    "model": "quiz.word",
    "pk": 14,
    "fields": {
        "subject": 4,
        "vietnamese": "Xe \u0111\u1ea1p",
        "english": "Cycle",
        "image": "word/Cycle/cycle.jpg",
        "audio": "word/Cycle/cycle.mp3"
    }
},
{
    "model": "quiz.word",
    "pk": 15,
    "fields": {
        "subject": 4,
        "vietnamese": "Xe m\u00e1y",
        "english": "Motorcycle",
        "image": "word/Motorcycle/motorcycle.jpg",
        "audio": "word/Motorcycle/motorcycle.mp3"
    }
},
{
    "model": "quiz.word",
    "pk": 16,
    "fields": {
        "subject": 5,
        "vietnamese": "M\u00e0u \u0111\u1ecf",
        "english": "Red",
        "image": "word/Red/red.jpg",
        "audio": "word/Red/red.mp3"
    }
},
{
    "model": "quiz.word",
    "pk": 17,
    "fields": {
        "subject": 5,
        "vietnamese": "M\u00e0u v\u00e0ng",
        "english": "Yellow",
        "image": "word/Yellow/yellow.png",
        "audio": "word/Yellow/yellow.mp3"
    }
},
{
    "model": "quiz.word",
    "pk": 18,
    "fields": {
        "subject": 5,
        "vietnamese": "M\u00e0u xanh n\u01b0\u1edbc bi\u1ec3n",
        "english": "Blue",
        "image": "word/Blue/blue.jpg",
        "audio": "word/Blue/blue.mp3"
    }
},
{
    "model": "quiz.music",
    "pk": 1,
    "fields": {
        "title": "Fruit song",
        "video": "music/Fruit song/fruit_song.mp4"
    }
},
{
    "model": "quiz.music",
    "pk": 2,
    "fields": {
        "title": "Jingle bells",
        "video": "music/Jingle bells/KaraVietsub_Jingle_Bells_-_Boney_M_HD_design_by_NTA.mp4"
    }
},
{
    "model": "quiz.music",
    "pk": 3,
    "fields": {
        "title": "Happy birthday song",
        "video": "music/Happy birthday song/Happy_Birthday_song.mp4"
    }
},
{
    "model": "quiz.music",
    "pk": 4,
    "fields": {
        "title": "Five little ducks",
        "video": "music/Five little ducks/H\u1ecdc_ti\u1ebfng_Anh_l\u1edbp_3_qua_b\u00e0i_h\u00e1t_Five_little_ducks.mp4"
    }
},
{
    "model": "quiz.music",
    "pk": 5,
    "fields": {
        "title": "The ABC song",
        "video": "music/The ABC song/The_ABC_Song.mp4"
    }
},
{
    "model": "quiz.music",
    "pk": 6,
    "fields": {
        "title": "Wheels on the bus",
        "video": "music/Wheels on the bus/Wheels_On_The_Bus_-_Nh\u1ea1c_Thi\u1ebfu_Nhi_-_H\u1ecdc_Ti\u1ebfng_Anh_Qua_B\u00e0i_H\u00e1t.mp4"
    }
},
{
    "model": "auth.permission",
    "pk": 1,
    "fields": {
        "name": "Can add log entry",
        "content_type": 1,
        "codename": "add_logentry"
    }
},
{
    "model": "auth.permission",
    "pk": 2,
    "fields": {
        "name": "Can change log entry",
        "content_type": 1,
        "codename": "change_logentry"
    }
},
{
    "model": "auth.permission",
    "pk": 3,
    "fields": {
        "name": "Can delete log entry",
        "content_type": 1,
        "codename": "delete_logentry"
    }
},
{
    "model": "auth.permission",
    "pk": 4,
    "fields": {
        "name": "Can add permission",
        "content_type": 2,
        "codename": "add_permission"
    }
},
{
    "model": "auth.permission",
    "pk": 5,
    "fields": {
        "name": "Can change permission",
        "content_type": 2,
        "codename": "change_permission"
    }
},
{
    "model": "auth.permission",
    "pk": 6,
    "fields": {
        "name": "Can delete permission",
        "content_type": 2,
        "codename": "delete_permission"
    }
},
{
    "model": "auth.permission",
    "pk": 7,
    "fields": {
        "name": "Can add group",
        "content_type": 3,
        "codename": "add_group"
    }
},
{
    "model": "auth.permission",
    "pk": 8,
    "fields": {
        "name": "Can change group",
        "content_type": 3,
        "codename": "change_group"
    }
},
{
    "model": "auth.permission",
    "pk": 9,
    "fields": {
        "name": "Can delete group",
        "content_type": 3,
        "codename": "delete_group"
    }
},
{
    "model": "auth.permission",
    "pk": 10,
    "fields": {
        "name": "Can add user",
        "content_type": 4,
        "codename": "add_user"
    }
},
{
    "model": "auth.permission",
    "pk": 11,
    "fields": {
        "name": "Can change user",
        "content_type": 4,
        "codename": "change_user"
    }
},
{
    "model": "auth.permission",
    "pk": 12,
    "fields": {
        "name": "Can delete user",
        "content_type": 4,
        "codename": "delete_user"
    }
},
{
    "model": "auth.permission",
    "pk": 13,
    "fields": {
        "name": "Can add content type",
        "content_type": 5,
        "codename": "add_contenttype"
    }
},
{
    "model": "auth.permission",
    "pk": 14,
    "fields": {
        "name": "Can change content type",
        "content_type": 5,
        "codename": "change_contenttype"
    }
},
{
    "model": "auth.permission",
    "pk": 15,
    "fields": {
        "name": "Can delete content type",
        "content_type": 5,
        "codename": "delete_contenttype"
    }
},
{
    "model": "auth.permission",
    "pk": 16,
    "fields": {
        "name": "Can add session",
        "content_type": 6,
        "codename": "add_session"
    }
},
{
    "model": "auth.permission",
    "pk": 17,
    "fields": {
        "name": "Can change session",
        "content_type": 6,
        "codename": "change_session"
    }
},
{
    "model": "auth.permission",
    "pk": 18,
    "fields": {
        "name": "Can delete session",
        "content_type": 6,
        "codename": "delete_session"
    }
},
{
    "model": "auth.permission",
    "pk": 19,
    "fields": {
        "name": "Can add choice",
        "content_type": 7,
        "codename": "add_choice"
    }
},
{
    "model": "auth.permission",
    "pk": 20,
    "fields": {
        "name": "Can change choice",
        "content_type": 7,
        "codename": "change_choice"
    }
},
{
    "model": "auth.permission",
    "pk": 21,
    "fields": {
        "name": "Can delete choice",
        "content_type": 7,
        "codename": "delete_choice"
    }
},
{
    "model": "auth.permission",
    "pk": 22,
    "fields": {
        "name": "Can add question",
        "content_type": 8,
        "codename": "add_question"
    }
},
{
    "model": "auth.permission",
    "pk": 23,
    "fields": {
        "name": "Can change question",
        "content_type": 8,
        "codename": "change_question"
    }
},
{
    "model": "auth.permission",
    "pk": 24,
    "fields": {
        "name": "Can delete question",
        "content_type": 8,
        "codename": "delete_question"
    }
},
{
    "model": "auth.permission",
    "pk": 25,
    "fields": {
        "name": "Can add music",
        "content_type": 9,
        "codename": "add_music"
    }
},
{
    "model": "auth.permission",
    "pk": 26,
    "fields": {
        "name": "Can change music",
        "content_type": 9,
        "codename": "change_music"
    }
},
{
    "model": "auth.permission",
    "pk": 27,
    "fields": {
        "name": "Can delete music",
        "content_type": 9,
        "codename": "delete_music"
    }
},
{
    "model": "auth.permission",
    "pk": 28,
    "fields": {
        "name": "Can add subject",
        "content_type": 10,
        "codename": "add_subject"
    }
},
{
    "model": "auth.permission",
    "pk": 29,
    "fields": {
        "name": "Can change subject",
        "content_type": 10,
        "codename": "change_subject"
    }
},
{
    "model": "auth.permission",
    "pk": 30,
    "fields": {
        "name": "Can delete subject",
        "content_type": 10,
        "codename": "delete_subject"
    }
},
{
    "model": "auth.permission",
    "pk": 31,
    "fields": {
        "name": "Can add word",
        "content_type": 11,
        "codename": "add_word"
    }
},
{
    "model": "auth.permission",
    "pk": 32,
    "fields": {
        "name": "Can change word",
        "content_type": 11,
        "codename": "change_word"
    }
},
{
    "model": "auth.permission",
    "pk": 33,
    "fields": {
        "name": "Can delete word",
        "content_type": 11,
        "codename": "delete_word"
    }
},
{
    "model": "auth.user",
    "pk": 1,
    "fields": {
        "password": "pbkdf2_sha256$100000$YO3r88iUp28e$P96UvBosZuq7xjQ4dKLtpdi88K2+mBZhqPEr9S02row=",
        "last_login": "2019-05-12T15:18:27.614Z",
        "is_superuser": true,
        "username": "doquangtuan",
        "first_name": "",
        "last_name": "",
        "email": "tuank62ie1@gmail.com",
        "is_staff": true,
        "is_active": true,
        "date_joined": "2019-05-12T15:18:24.727Z",
        "groups": [],
        "user_permissions": []
    }
},
{
    "model": "admin.logentry",
    "pk": 1,
    "fields": {
        "action_time": "2019-05-12T15:25:48.448Z",
        "user": 1,
        "content_type": 8,
        "object_id": "1",
        "object_repr": "Con kh\u1ec9 ti\u1ebfng anh l\u00e0 g\u00ec ?",
        "action_flag": 1,
        "change_message": "[{\"added\": {}}, {\"added\": {\"name\": \"choice\", \"object\": \"Monkey\"}}, {\"added\": {\"name\": \"choice\", \"object\": \"Elephant\"}}, {\"added\": {\"name\": \"choice\", \"object\": \"Cat\"}}, {\"added\": {\"name\": \"choice\", \"object\": \"Dog\"}}]"
    }
},
{
    "model": "admin.logentry",
    "pk": 2,
    "fields": {
        "action_time": "2019-05-13T05:05:43.386Z",
        "user": 1,
        "content_type": 8,
        "object_id": "2",
        "object_repr": "Question 1",
        "action_flag": 1,
        "change_message": "[{\"added\": {}}, {\"added\": {\"name\": \"choice\", \"object\": \"1\"}}, {\"added\": {\"name\": \"choice\", \"object\": \"2\"}}, {\"added\": {\"name\": \"choice\", \"object\": \"3\"}}, {\"added\": {\"name\": \"choice\", \"object\": \"4\"}}]"
    }
},
{
    "model": "admin.logentry",
    "pk": 3,
    "fields": {
        "action_time": "2019-05-13T05:05:50.934Z",
        "user": 1,
        "content_type": 8,
        "object_id": "3",
        "object_repr": "Question 2",
        "action_flag": 1,
        "change_message": "[{\"added\": {}}, {\"added\": {\"name\": \"choice\", \"object\": \"1\"}}, {\"added\": {\"name\": \"choice\", \"object\": \"2\"}}, {\"added\": {\"name\": \"choice\", \"object\": \"3\"}}, {\"added\": {\"name\": \"choice\", \"object\": \"4\"}}]"
    }
},
{
    "model": "admin.logentry",
    "pk": 4,
    "fields": {
        "action_time": "2019-05-13T05:05:58.010Z",
        "user": 1,
        "content_type": 8,
        "object_id": "4",
        "object_repr": "Question 3",
        "action_flag": 1,
        "change_message": "[{\"added\": {}}, {\"added\": {\"name\": \"choice\", \"object\": \"1\"}}, {\"added\": {\"name\": \"choice\", \"object\": \"2\"}}, {\"added\": {\"name\": \"choice\", \"object\": \"3\"}}, {\"added\": {\"name\": \"choice\", \"object\": \"4\"}}]"
    }
},
{
    "model": "admin.logentry",
    "pk": 5,
    "fields": {
        "action_time": "2019-05-13T05:06:05.873Z",
        "user": 1,
        "content_type": 8,
        "object_id": "5",
        "object_repr": "Question 4",
        "action_flag": 1,
        "change_message": "[{\"added\": {}}, {\"added\": {\"name\": \"choice\", \"object\": \"1\"}}, {\"added\": {\"name\": \"choice\", \"object\": \"2\"}}, {\"added\": {\"name\": \"choice\", \"object\": \"3\"}}, {\"added\": {\"name\": \"choice\", \"object\": \"4\"}}]"
    }
},
{
    "model": "admin.logentry",
    "pk": 6,
    "fields": {
        "action_time": "2019-05-13T05:06:12.445Z",
        "user": 1,
        "content_type": 8,
        "object_id": "6",
        "object_repr": "Question 5",
        "action_flag": 1,
        "change_message": "[{\"added\": {}}, {\"added\": {\"name\": \"choice\", \"object\": \"1\"}}, {\"added\": {\"name\": \"choice\", \"object\": \"2\"}}, {\"added\": {\"name\": \"choice\", \"object\": \"3\"}}, {\"added\": {\"name\": \"choice\", \"object\": \"4\"}}]"
    }
},
{
    "model": "admin.logentry",
    "pk": 7,
    "fields": {
        "action_time": "2019-05-13T05:06:19.035Z",
        "user": 1,
        "content_type": 8,
        "object_id": "7",
        "object_repr": "Question 6",
        "action_flag": 1,
        "change_message": "[{\"added\": {}}, {\"added\": {\"name\": \"choice\", \"object\": \"1\"}}, {\"added\": {\"name\": \"choice\", \"object\": \"2\"}}, {\"added\": {\"name\": \"choice\", \"object\": \"3\"}}, {\"added\": {\"name\": \"choice\", \"object\": \"4\"}}]"
    }
},
{
    "model": "admin.logentry",
    "pk": 8,
    "fields": {
        "action_time": "2019-05-13T05:06:25.276Z",
        "user": 1,
        "content_type": 8,
        "object_id": "8",
        "object_repr": "Question 7",
        "action_flag": 1,
        "change_message": "[{\"added\": {}}, {\"added\": {\"name\": \"choice\", \"object\": \"1\"}}, {\"added\": {\"name\": \"choice\", \"object\": \"2\"}}, {\"added\": {\"name\": \"choice\", \"object\": \"3\"}}, {\"added\": {\"name\": \"choice\", \"object\": \"4\"}}]"
    }
},
{
    "model": "admin.logentry",
    "pk": 9,
    "fields": {
        "action_time": "2019-05-13T05:06:31.692Z",
        "user": 1,
        "content_type": 8,
        "object_id": "9",
        "object_repr": "Question 8",
        "action_flag": 1,
        "change_message": "[{\"added\": {}}, {\"added\": {\"name\": \"choice\", \"object\": \"1\"}}, {\"added\": {\"name\": \"choice\", \"object\": \"2\"}}, {\"added\": {\"name\": \"choice\", \"object\": \"3\"}}, {\"added\": {\"name\": \"choice\", \"object\": \"4\"}}]"
    }
},
{
    "model": "admin.logentry",
    "pk": 10,
    "fields": {
        "action_time": "2019-05-13T05:06:37.835Z",
        "user": 1,
        "content_type": 8,
        "object_id": "10",
        "object_repr": "Question 9",
        "action_flag": 1,
        "change_message": "[{\"added\": {}}, {\"added\": {\"name\": \"choice\", \"object\": \"1\"}}, {\"added\": {\"name\": \"choice\", \"object\": \"2\"}}, {\"added\": {\"name\": \"choice\", \"object\": \"3\"}}, {\"added\": {\"name\": \"choice\", \"object\": \"4\"}}]"
    }
},
{
    "model": "admin.logentry",
    "pk": 11,
    "fields": {
        "action_time": "2019-05-13T05:06:44.891Z",
        "user": 1,
        "content_type": 8,
        "object_id": "11",
        "object_repr": "Question 10",
        "action_flag": 1,
        "change_message": "[{\"added\": {}}, {\"added\": {\"name\": \"choice\", \"object\": \"1\"}}, {\"added\": {\"name\": \"choice\", \"object\": \"2\"}}, {\"added\": {\"name\": \"choice\", \"object\": \"3\"}}, {\"added\": {\"name\": \"choice\", \"object\": \"4\"}}]"
    }
},
{
    "model": "admin.logentry",
    "pk": 12,
    "fields": {
        "action_time": "2019-05-13T05:06:53.207Z",
        "user": 1,
        "content_type": 8,
        "object_id": "12",
        "object_repr": "Question 11",
        "action_flag": 1,
        "change_message": "[{\"added\": {}}, {\"added\": {\"name\": \"choice\", \"object\": \"1\"}}, {\"added\": {\"name\": \"choice\", \"object\": \"2\"}}, {\"added\": {\"name\": \"choice\", \"object\": \"3\"}}, {\"added\": {\"name\": \"choice\", \"object\": \"4\"}}]"
    }
},
{
    "model": "admin.logentry",
    "pk": 13,
    "fields": {
        "action_time": "2019-05-13T05:07:57.809Z",
        "user": 1,
        "content_type": 8,
        "object_id": "13",
        "object_repr": "Question 12",
        "action_flag": 1,
        "change_message": "[{\"added\": {}}, {\"added\": {\"name\": \"choice\", \"object\": \"1\"}}, {\"added\": {\"name\": \"choice\", \"object\": \"2\"}}, {\"added\": {\"name\": \"choice\", \"object\": \"3\"}}, {\"added\": {\"name\": \"choice\", \"object\": \"4\"}}]"
    }
},
{
    "model": "admin.logentry",
    "pk": 14,
    "fields": {
        "action_time": "2019-05-13T17:23:00.158Z",
        "user": 1,
        "content_type": 10,
        "object_id": "1",
        "object_repr": "Animals",
        "action_flag": 1,
        "change_message": "[{\"added\": {}}]"
    }
},
{
    "model": "admin.logentry",
    "pk": 15,
    "fields": {
        "action_time": "2019-05-13T17:23:23.621Z",
        "user": 1,
        "content_type": 10,
        "object_id": "2",
        "object_repr": "Fruits",
        "action_flag": 1,
        "change_message": "[{\"added\": {}}]"
    }
},
{
    "model": "admin.logentry",
    "pk": 16,
    "fields": {
        "action_time": "2019-05-13T17:31:41.223Z",
        "user": 1,
        "content_type": 10,
        "object_id": "3",
        "object_repr": "Numbers",
        "action_flag": 1,
        "change_message": "[{\"added\": {}}]"
    }
},
{
    "model": "admin.logentry",
    "pk": 17,
    "fields": {
        "action_time": "2019-05-13T17:31:51.686Z",
        "user": 1,
        "content_type": 10,
        "object_id": "4",
        "object_repr": "Transports",
        "action_flag": 1,
        "change_message": "[{\"added\": {}}]"
    }
},
{
    "model": "admin.logentry",
    "pk": 18,
    "fields": {
        "action_time": "2019-05-13T17:31:59.650Z",
        "user": 1,
        "content_type": 10,
        "object_id": "5",
        "object_repr": "Colors",
        "action_flag": 1,
        "change_message": "[{\"added\": {}}]"
    }
},
{
    "model": "admin.logentry",
    "pk": 19,
    "fields": {
        "action_time": "2019-05-13T17:51:07.208Z",
        "user": 1,
        "content_type": 10,
        "object_id": "1",
        "object_repr": "Animals",
        "action_flag": 2,
        "change_message": "[{\"added\": {\"name\": \"word\", \"object\": \"Cat\"}}]"
    }
},
{
    "model": "admin.logentry",
    "pk": 20,
    "fields": {
        "action_time": "2019-05-13T17:53:18.357Z",
        "user": 1,
        "content_type": 10,
        "object_id": "1",
        "object_repr": "Animals",
        "action_flag": 2,
        "change_message": "[{\"added\": {\"name\": \"word\", \"object\": \"Dog\"}}, {\"added\": {\"name\": \"word\", \"object\": \"Horse\"}}, {\"added\": {\"name\": \"word\", \"object\": \"Koala\"}}, {\"added\": {\"name\": \"word\", \"object\": \"Bear\"}}]"
    }
},
{
    "model": "admin.logentry",
    "pk": 21,
    "fields": {
        "action_time": "2019-05-13T17:55:14.430Z",
        "user": 1,
        "content_type": 10,
        "object_id": "2",
        "object_repr": "Fruits",
        "action_flag": 2,
        "change_message": "[{\"added\": {\"name\": \"word\", \"object\": \"Apple\"}}, {\"added\": {\"name\": \"word\", \"object\": \"Grapes\"}}, {\"added\": {\"name\": \"word\", \"object\": \"Pineapple\"}}, {\"added\": {\"name\": \"word\", \"object\": \"Watermelon\"}}]"
    }
},
{
    "model": "admin.logentry",
    "pk": 22,
    "fields": {
        "action_time": "2019-05-13T17:56:25.522Z",
        "user": 1,
        "content_type": 10,
        "object_id": "3",
        "object_repr": "Numbers",
        "action_flag": 2,
        "change_message": "[{\"added\": {\"name\": \"word\", \"object\": \"Zero\"}}, {\"added\": {\"name\": \"word\", \"object\": \"Six\"}}, {\"added\": {\"name\": \"word\", \"object\": \"Nine\"}}]"
    }
},
{
    "model": "admin.logentry",
    "pk": 23,
    "fields": {
        "action_time": "2019-05-13T18:05:37.894Z",
        "user": 1,
        "content_type": 10,
        "object_id": "4",
        "object_repr": "Transports",
        "action_flag": 2,
        "change_message": "[{\"added\": {\"name\": \"word\", \"object\": \"Car\"}}, {\"added\": {\"name\": \"word\", \"object\": \"Cycle\"}}, {\"added\": {\"name\": \"word\", \"object\": \"Motorcycle\"}}]"
    }
},
{
    "model": "admin.logentry",
    "pk": 24,
    "fields": {
        "action_time": "2019-05-13T18:06:31.199Z",
        "user": 1,
        "content_type": 10,
        "object_id": "5",
        "object_repr": "Colors",
        "action_flag": 2,
        "change_message": "[{\"added\": {\"name\": \"word\", \"object\": \"Red\"}}, {\"added\": {\"name\": \"word\", \"object\": \"Yellow\"}}, {\"added\": {\"name\": \"word\", \"object\": \"Blue\"}}]"
    }
},
{
    "model": "admin.logentry",
    "pk": 25,
    "fields": {
        "action_time": "2019-05-14T04:27:21.971Z",
        "user": 1,
        "content_type": 9,
        "object_id": "1",
        "object_repr": "Fruit song",
        "action_flag": 1,
        "change_message": "[{\"added\": {}}]"
    }
},
{
    "model": "admin.logentry",
    "pk": 26,
    "fields": {
        "action_time": "2019-05-14T04:39:11.171Z",
        "user": 1,
        "content_type": 9,
        "object_id": "1",
        "object_repr": "Fruit song",
        "action_flag": 2,
        "change_message": "[]"
    }
},
{
    "model": "admin.logentry",
    "pk": 27,
    "fields": {
        "action_time": "2019-05-14T04:40:59.473Z",
        "user": 1,
        "content_type": 9,
        "object_id": "2",
        "object_repr": "Jingle bells",
        "action_flag": 1,
        "change_message": "[{\"added\": {}}]"
    }
},
{
    "model": "admin.logentry",
    "pk": 28,
    "fields": {
        "action_time": "2019-05-14T04:41:15.573Z",
        "user": 1,
        "content_type": 9,
        "object_id": "3",
        "object_repr": "Happy birthday song",
        "action_flag": 1,
        "change_message": "[{\"added\": {}}]"
    }
},
{
    "model": "admin.logentry",
    "pk": 29,
    "fields": {
        "action_time": "2019-05-14T04:41:21.933Z",
        "user": 1,
        "content_type": 9,
        "object_id": "4",
        "object_repr": "Five little ducks",
        "action_flag": 1,
        "change_message": "[{\"added\": {}}]"
    }
},
{
    "model": "admin.logentry",
    "pk": 30,
    "fields": {
        "action_time": "2019-05-14T04:41:32.520Z",
        "user": 1,
        "content_type": 9,
        "object_id": "5",
        "object_repr": "The ABC song",
        "action_flag": 1,
        "change_message": "[{\"added\": {}}]"
    }
},
{
    "model": "admin.logentry",
    "pk": 31,
    "fields": {
        "action_time": "2019-05-14T04:41:41.316Z",
        "user": 1,
        "content_type": 9,
        "object_id": "6",
        "object_repr": "Wheels on the bus",
        "action_flag": 1,
        "change_message": "[{\"added\": {}}]"
    }
},
{
    "model": "admin.logentry",
    "pk": 32,
    "fields": {
        "action_time": "2019-05-14T06:51:57.494Z",
        "user": 1,
        "content_type": 8,
        "object_id": "14",
        "object_repr": "test question",
        "action_flag": 3,
        "change_message": ""
    }
}
]
