[{"model": "auth.user", "pk": 1, "fields": {"password": "pbkdf2_sha256$100000$YO3r88iUp28e$P96UvBosZuq7xjQ4dKLtpdi88K2+mBZhqPEr9S02row=", "last_login": "2019-05-16T15:41:01.455Z", "is_superuser": true, "username": "doquangtuan", "first_name": "", "last_name": "", "email": "tuank62ie1@gmail.com", "is_staff": true, "is_active": true, "date_joined": "2019-05-12T15:18:24.727Z", "groups": [], "user_permissions": []}}, {"model": "auth.user", "pk": 8, "fields": {"password": "pbkdf2_sha256$100000$ZpdvivkScIW2$wq9fG/Se4pc2a8fh1e5vLzFUO04jnbAbiik8C/vGgO4=", "last_login": "2019-05-15T07:16:39.922Z", "is_superuser": false, "username": "testuser1", "first_name": "", "last_name": "", "email": "", "is_staff": false, "is_active": true, "date_joined": "2019-05-15T07:16:39.753Z", "groups": [], "user_permissions": []}}, {"model": "auth.user", "pk": 9, "fields": {"password": "pbkdf2_sha256$100000$0BpnCW18Hwxp$hzO1OsK+IB8SkEm/AAW7fVLVS3NqcG+3kTwRstZd6cU=", "last_login": "2019-05-15T14:49:05.600Z", "is_superuser": false, "username": "tuank62ie1", "first_name": "", "last_name": "", "email": "", "is_staff": false, "is_active": true, "date_joined": "2019-05-15T14:45:54.916Z", "groups": [], "user_permissions": []}}, {"model": "sessions.session", "pk": "lnpdgmcnh2qgpcbkdpfjlcbn0m6h43yp", "fields": {"session_data": "NzcxYzViNDFiMmMzZjMzM2ExNWUxZjI3ODhiZmU1YTJiMzNhYzE2ZTp7Il9hdXRoX3VzZXJfaWQiOiIxIiwiX2F1dGhfdXNlcl9iYWNrZW5kIjoiZGphbmdvLmNvbnRyaWIuYXV0aC5iYWNrZW5kcy5Nb2RlbEJhY2tlbmQiLCJfYXV0aF91c2VyX2hhc2giOiI1OWQwZmRlMTNiN2ZjZmMyZGY4OTllYjkyYmU0ZmVhNmZkMWUzZDc1In0=", "expire_date": "2019-05-30T15:41:01.465Z"}}, {"model": "quiz.question", "pk": 1, "fields": {"question_text": "Con kh\u1ec9 ti\u1ebfng anh l\u00e0 g\u00ec ?", "pub_date": "2019-05-12T15:25:46Z"}}, {"model": "quiz.question", "pk": 14, "fields": {"question_text": "Xe \u0111\u1ea1p ti\u1ebfng anh l\u00e0 g\u00ec ?", "pub_date": "2019-05-16T07:53:07Z"}}, {"model": "quiz.question", "pk": 15, "fields": {"question_text": "M\u00e0u \u0111\u1ecf ti\u1ebfng anh l\u00e0 g\u00ec ?", "pub_date": "2019-05-16T07:53:42Z"}}, {"model": "quiz.question", "pk": 16, "fields": {"question_text": "Ch\u00f9m nho ti\u1ebfng anh l\u00e0 g\u00ec ?", "pub_date": "2019-05-16T07:54:01Z"}}, {"model": "quiz.question", "pk": 17, "fields": {"question_text": "Qu\u1ea3 t\u00e1o ti\u1ebfng anh l\u00e0 g\u00ec ?", "pub_date": "2019-05-16T07:54:47Z"}}, {"model": "quiz.question", "pk": 18, "fields": {"question_text": "Con g\u1ea5u t\u00fai ti\u1ebfng anh l\u00e0 g\u00ec ?", "pub_date": "2019-05-16T07:55:05Z"}}, {"model": "quiz.question", "pk": 19, "fields": {"question_text": "Con g\u1ea5u ti\u1ebfng anh l\u00e0 g\u00ec ?", "pub_date": "2019-05-16T07:55:35Z"}}, {"model": "quiz.question", "pk": 20, "fields": {"question_text": "Con m\u00e8o ti\u1ebfng anh l\u00e0 g\u00ec ?", "pub_date": "2019-05-16T07:55:49Z"}}, {"model": "quiz.choice", "pk": 1, "fields": {"question": 1, "choice_text": "Monkey", "isCorrectAnswer": true}}, {"model": "quiz.choice", "pk": 2, "fields": {"question": 1, "choice_text": "Elephant", "isCorrectAnswer": false}}, {"model": "quiz.choice", "pk": 3, "fields": {"question": 1, "choice_text": "Cat", "isCorrectAnswer": false}}, {"model": "quiz.choice", "pk": 4, "fields": {"question": 1, "choice_text": "Dog", "isCorrectAnswer": false}}, {"model": "quiz.choice", "pk": 53, "fields": {"question": 14, "choice_text": "Car", "isCorrectAnswer": false}}, {"model": "quiz.choice", "pk": 54, "fields": {"question": 14, "choice_text": "Cycle", "isCorrectAnswer": true}}, {"model": "quiz.choice", "pk": 55, "fields": {"question": 14, "choice_text": "Motorcycle", "isCorrectAnswer": false}}, {"model": "quiz.choice", "pk": 56, "fields": {"question": 14, "choice_text": "Rocket", "isCorrectAnswer": false}}, {"model": "quiz.choice", "pk": 57, "fields": {"question": 15, "choice_text": "Red", "isCorrectAnswer": true}}, {"model": "quiz.choice", "pk": 58, "fields": {"question": 15, "choice_text": "Blue", "isCorrectAnswer": false}}, {"model": "quiz.choice", "pk": 59, "fields": {"question": 15, "choice_text": "White", "isCorrectAnswer": false}}, {"model": "quiz.choice", "pk": 60, "fields": {"question": 15, "choice_text": "Green", "isCorrectAnswer": false}}, {"model": "quiz.choice", "pk": 61, "fields": {"question": 16, "choice_text": "Grapes", "isCorrectAnswer": true}}, {"model": "quiz.choice", "pk": 62, "fields": {"question": 16, "choice_text": "Apple", "isCorrectAnswer": false}}, {"model": "quiz.choice", "pk": 63, "fields": {"question": 16, "choice_text": "Watermelon", "isCorrectAnswer": false}}, {"model": "quiz.choice", "pk": 64, "fields": {"question": 16, "choice_text": "Pineapple", "isCorrectAnswer": false}}, {"model": "quiz.choice", "pk": 65, "fields": {"question": 17, "choice_text": "Grapes", "isCorrectAnswer": false}}, {"model": "quiz.choice", "pk": 66, "fields": {"question": 17, "choice_text": "Apple", "isCorrectAnswer": true}}, {"model": "quiz.choice", "pk": 67, "fields": {"question": 17, "choice_text": "Pineapple", "isCorrectAnswer": false}}, {"model": "quiz.choice", "pk": 68, "fields": {"question": 17, "choice_text": "Watermelon", "isCorrectAnswer": false}}, {"model": "quiz.choice", "pk": 69, "fields": {"question": 18, "choice_text": "Bear", "isCorrectAnswer": false}}, {"model": "quiz.choice", "pk": 70, "fields": {"question": 18, "choice_text": "Koala", "isCorrectAnswer": true}}, {"model": "quiz.choice", "pk": 71, "fields": {"question": 18, "choice_text": "Cat", "isCorrectAnswer": false}}, {"model": "quiz.choice", "pk": 72, "fields": {"question": 18, "choice_text": "Dog", "isCorrectAnswer": false}}, {"model": "quiz.choice", "pk": 73, "fields": {"question": 19, "choice_text": "Elephant", "isCorrectAnswer": false}}, {"model": "quiz.choice", "pk": 74, "fields": {"question": 19, "choice_text": "Mouse", "isCorrectAnswer": false}}, {"model": "quiz.choice", "pk": 75, "fields": {"question": 19, "choice_text": "Bear", "isCorrectAnswer": true}}, {"model": "quiz.choice", "pk": 76, "fields": {"question": 19, "choice_text": "Dog", "isCorrectAnswer": false}}, {"model": "quiz.choice", "pk": 77, "fields": {"question": 20, "choice_text": "Dog", "isCorrectAnswer": false}}, {"model": "quiz.choice", "pk": 78, "fields": {"question": 20, "choice_text": "Cat", "isCorrectAnswer": true}}, {"model": "quiz.choice", "pk": 79, "fields": {"question": 20, "choice_text": "Elephant", "isCorrectAnswer": false}}, {"model": "quiz.choice", "pk": 80, "fields": {"question": 20, "choice_text": "Bear", "isCorrectAnswer": false}}, {"model": "quiz.subject", "pk": 1, "fields": {"subject": "Animals", "image": "subject/Animals/animal.jpg"}}, {"model": "quiz.subject", "pk": 2, "fields": {"subject": "Fruits", "image": "subject/Fruits/fruit.jpg"}}, {"model": "quiz.subject", "pk": 3, "fields": {"subject": "Numbers", "image": "subject/Numbers/number.jpg"}}, {"model": "quiz.subject", "pk": 4, "fields": {"subject": "Transports", "image": "subject/Transports/transport.jpg"}}, {"model": "quiz.subject", "pk": 5, "fields": {"subject": "Colors", "image": "subject/Colors/color.jpg"}}, {"model": "quiz.word", "pk": 1, "fields": {"subject": 1, "vietnamese": "Con m\u00e8o", "english": "Cat", "image": "word/Cat/cat.png", "audio": "word/Cat/cat.mp3"}}, {"model": "quiz.word", "pk": 2, "fields": {"subject": 1, "vietnamese": "Con ch\u00f3", "english": "Dog", "image": "word/Dog/dog.png", "audio": "word/Dog/dog.mp3"}}, {"model": "quiz.word", "pk": 3, "fields": {"subject": 1, "vietnamese": "Con ng\u1ef1a", "english": "Horse", "image": "word/Horse/horse.jpg", "audio": "word/Horse/horse.mp3"}}, {"model": "quiz.word", "pk": 4, "fields": {"subject": 1, "vietnamese": "Con g\u1ea5u t\u00fai", "english": "Koala", "image": "word/Koala/koala.png", "audio": "word/Koala/koala.mp3"}}, {"model": "quiz.word", "pk": 5, "fields": {"subject": 1, "vietnamese": "Con g\u1ea5u", "english": "Bear", "image": "word/Bear/bear.jpg", "audio": "word/Bear/bear.mp3"}}, {"model": "quiz.word", "pk": 6, "fields": {"subject": 2, "vietnamese": "Qu\u1ea3 t\u00e1o", "english": "Apple", "image": "word/Apple/apple.jpg", "audio": "word/Apple/apple.mp3"}}, {"model": "quiz.word", "pk": 7, "fields": {"subject": 2, "vietnamese": "Ch\u00f9m nho", "english": "Grapes", "image": "word/Grapes/grapes.jpg", "audio": "word/Grapes/grapes.mp3"}}, {"model": "quiz.word", "pk": 8, "fields": {"subject": 2, "vietnamese": "Qu\u1ea3 d\u1ee9a", "english": "Pineapple", "image": "word/Pineapple/pineapple.jpg", "audio": "word/Pineapple/pineapple.mp3"}}, {"model": "quiz.word", "pk": 9, "fields": {"subject": 2, "vietnamese": "Qu\u1ea3 d\u01b0a h\u1ea5u", "english": "Watermelon", "image": "word/Watermelon/watermelon.jpg", "audio": "word/Watermelon/watermelon.mp3"}}, {"model": "quiz.word", "pk": 10, "fields": {"subject": 3, "vietnamese": "S\u1ed1 0", "english": "Zero", "image": "word/Zero/zero.jpg", "audio": "word/Zero/zero.mp3"}}, {"model": "quiz.word", "pk": 11, "fields": {"subject": 3, "vietnamese": "S\u1ed1 6", "english": "Six", "image": "word/Six/six.jpg", "audio": "word/Six/six.mp3"}}, {"model": "quiz.word", "pk": 12, "fields": {"subject": 3, "vietnamese": "S\u1ed1 9", "english": "Nine", "image": "word/Nine/nine.jpg", "audio": "word/Nine/nine.mp3"}}, {"model": "quiz.word", "pk": 13, "fields": {"subject": 4, "vietnamese": "Xe \u00f4 t\u00f4", "english": "Car", "image": "word/Car/car.jpg", "audio": "word/Car/car.mp3"}}, {"model": "quiz.word", "pk": 14, "fields": {"subject": 4, "vietnamese": "Xe \u0111\u1ea1p", "english": "Cycle", "image": "word/Cycle/cycle.jpg", "audio": "word/Cycle/cycle.mp3"}}, {"model": "quiz.word", "pk": 15, "fields": {"subject": 4, "vietnamese": "Xe m\u00e1y", "english": "Motorcycle", "image": "word/Motorcycle/motorcycle.jpg", "audio": "word/Motorcycle/motorcycle.mp3"}}, {"model": "quiz.word", "pk": 16, "fields": {"subject": 5, "vietnamese": "M\u00e0u \u0111\u1ecf", "english": "Red", "image": "word/Red/red.jpg", "audio": "word/Red/red.mp3"}}, {"model": "quiz.word", "pk": 17, "fields": {"subject": 5, "vietnamese": "M\u00e0u v\u00e0ng", "english": "Yellow", "image": "word/Yellow/yellow.png", "audio": "word/Yellow/yellow.mp3"}}, {"model": "quiz.word", "pk": 18, "fields": {"subject": 5, "vietnamese": "M\u00e0u xanh n\u01b0\u1edbc bi\u1ec3n", "english": "Blue", "image": "word/Blue/blue.jpg", "audio": "word/Blue/blue.mp3"}}, {"model": "quiz.music", "pk": 1, "fields": {"title": "Fruit song", "video": "music/Fruit song/fruit_song.mp4"}}, {"model": "quiz.music", "pk": 2, "fields": {"title": "Jingle bells", "video": "music/Jingle bells/KaraVietsub_Jingle_Bells_-_Boney_M_HD_design_by_NTA.mp4"}}, {"model": "quiz.music", "pk": 3, "fields": {"title": "Happy birthday song", "video": "music/Happy birthday song/Happy_Birthday_song.mp4"}}, {"model": "quiz.music", "pk": 4, "fields": {"title": "Five little ducks", "video": "music/Five little ducks/H\u1ecdc_ti\u1ebfng_Anh_l\u1edbp_3_qua_b\u00e0i_h\u00e1t_Five_little_ducks.mp4"}}, {"model": "quiz.music", "pk": 5, "fields": {"title": "The ABC song", "video": "music/The ABC song/The_ABC_Song.mp4"}}, {"model": "quiz.music", "pk": 6, "fields": {"title": "Wheels on the bus", "video": "music/Wheels on the bus/Wheels_On_The_Bus_-_Nh\u1ea1c_Thi\u1ebfu_Nhi_-_H\u1ecdc_Ti\u1ebfng_Anh_Qua_B\u00e0i_H\u00e1t.mp4"}}, {"model": "quiz.questionattempt", "pk": 1, "fields": {"user": null, "question": "ques", "answer": "answer.choice_text", "correctAnswer": "correctAnswer", "isCorrectAnswer": false, "submit_date": "2019-05-16T12:50:09.519Z"}}, {"model": "quiz.questionattempt", "pk": 2, "fields": {"user": null, "question": "Con g\u1ea5u ti\u1ebfng anh l\u00e0 g\u00ec ?", "answer": "Bear", "correctAnswer": "Bear", "isCorrectAnswer": true, "submit_date": "2019-05-16T12:54:39.940Z"}}, {"model": "quiz.questionattempt", "pk": 3, "fields": {"user": 1, "question": "M\u00e0u \u0111\u1ecf ti\u1ebfng anh l\u00e0 g\u00ec ?", "answer": "Red", "correctAnswer": "Red", "isCorrectAnswer": true, "submit_date": "2019-05-16T12:54:57.344Z"}}, {"model": "quiz.questionattempt", "pk": 4, "fields": {"user": 1, "question": "default value", "answer": "default value", "correctAnswer": "default value", "isCorrectAnswer": false, "submit_date": "2019-05-16T14:58:08Z"}}, {"model": "quiz.questionattempt", "pk": 5, "fields": {"user": 1, "question": "Ch\u00f9m nho ti\u1ebfng anh l\u00e0 g\u00ec ?", "answer": "Grapes", "correctAnswer": "Grapes", "isCorrectAnswer": true, "submit_date": "2019-05-16T15:20:38.158Z"}}, {"model": "quiz.questionattempt", "pk": 6, "fields": {"user": 1, "question": "Xe \u0111\u1ea1p ti\u1ebfng anh l\u00e0 g\u00ec ?", "answer": "Cycle", "correctAnswer": "Cycle", "isCorrectAnswer": true, "submit_date": "2019-05-16T15:22:45.011Z"}}, {"model": "quiz.questionattempt", "pk": 7, "fields": {"user": 1, "question": "Xe \u0111\u1ea1p ti\u1ebfng anh l\u00e0 g\u00ec ?", "answer": "Cycle", "correctAnswer": "Cycle", "isCorrectAnswer": true, "submit_date": "2019-05-16T15:23:01.791Z"}}, {"model": "quiz.questionattempt", "pk": 8, "fields": {"user": 1, "question": "Xe \u0111\u1ea1p ti\u1ebfng anh l\u00e0 g\u00ec ?", "answer": "Cycle", "correctAnswer": "Cycle", "isCorrectAnswer": true, "submit_date": "2019-05-16T15:24:20.402Z"}}, {"model": "quiz.questionattempt", "pk": 9, "fields": {"user": 1, "question": "Xe \u0111\u1ea1p ti\u1ebfng anh l\u00e0 g\u00ec ?", "answer": "Cycle", "correctAnswer": "Cycle", "isCorrectAnswer": true, "submit_date": "2019-05-16T15:25:05.134Z"}}, {"model": "quiz.questionattempt", "pk": 10, "fields": {"user": 1, "question": "M\u00e0u \u0111\u1ecf ti\u1ebfng anh l\u00e0 g\u00ec ?", "answer": "Red", "correctAnswer": "Red", "isCorrectAnswer": true, "submit_date": "2019-05-16T15:25:22.949Z"}}, {"model": "quiz.questionattempt", "pk": 11, "fields": {"user": 1, "question": "M\u00e0u \u0111\u1ecf ti\u1ebfng anh l\u00e0 g\u00ec ?", "answer": "Red", "correctAnswer": "Red", "isCorrectAnswer": true, "submit_date": "2019-05-16T15:30:36.129Z"}}, {"model": "quiz.questionattempt", "pk": 12, "fields": {"user": 1, "question": "Con m\u00e8o ti\u1ebfng anh l\u00e0 g\u00ec ?", "answer": "Cat", "correctAnswer": "Cat", "isCorrectAnswer": true, "submit_date": "2019-05-16T15:30:44.375Z"}}, {"model": "quiz.questionattempt", "pk": 13, "fields": {"user": 1, "question": "Con m\u00e8o ti\u1ebfng anh l\u00e0 g\u00ec ?", "answer": "Cat", "correctAnswer": "Cat", "isCorrectAnswer": true, "submit_date": "2019-05-16T15:33:34.045Z"}}, {"model": "quiz.questionattempt", "pk": 14, "fields": {"user": 1, "question": "Con g\u1ea5u t\u00fai ti\u1ebfng anh l\u00e0 g\u00ec ?", "answer": "Koala", "correctAnswer": "Koala", "isCorrectAnswer": true, "submit_date": "2019-05-16T15:36:40.824Z"}}, {"model": "quiz.questionattempt", "pk": 15, "fields": {"user": 1, "question": "Xe \u0111\u1ea1p ti\u1ebfng anh l\u00e0 g\u00ec ?", "answer": "Motorcycle", "correctAnswer": "Cycle", "isCorrectAnswer": false, "submit_date": "2019-05-16T15:36:58.584Z"}}, {"model": "quiz.questionattempt", "pk": 16, "fields": {"user": 1, "question": "Con g\u1ea5u ti\u1ebfng anh l\u00e0 g\u00ec ?", "answer": "Dog", "correctAnswer": "Bear", "isCorrectAnswer": false, "submit_date": "2019-05-16T15:37:13.818Z"}}, {"model": "quiz.questionattempt", "pk": 17, "fields": {"user": 1, "question": "Con g\u1ea5u ti\u1ebfng anh l\u00e0 g\u00ec ?", "answer": "Dog", "correctAnswer": "Bear", "isCorrectAnswer": false, "submit_date": "2019-05-16T15:37:36.605Z"}}, {"model": "quiz.questionattempt", "pk": 18, "fields": {"user": 1, "question": "Con g\u1ea5u t\u00fai ti\u1ebfng anh l\u00e0 g\u00ec ?", "answer": "Bear", "correctAnswer": "Koala", "isCorrectAnswer": false, "submit_date": "2019-05-16T15:38:02.688Z"}}, {"model": "quiz.questionattempt", "pk": 19, "fields": {"user": 1, "question": "Ch\u00f9m nho ti\u1ebfng anh l\u00e0 g\u00ec ?", "answer": "Apple", "correctAnswer": "Grapes", "isCorrectAnswer": false, "submit_date": "2019-05-16T15:38:11.671Z"}}, {"model": "quiz.questionattempt", "pk": 20, "fields": {"user": 1, "question": "Ch\u00f9m nho ti\u1ebfng anh l\u00e0 g\u00ec ?", "answer": "Watermelon", "correctAnswer": "Grapes", "isCorrectAnswer": false, "submit_date": "2019-05-16T15:38:28.888Z"}}, {"model": "admin.logentry", "pk": 1, "fields": {"action_time": "2019-05-12T15:25:48.448Z", "user": 1, "content_type": 8, "object_id": "1", "object_repr": "Con kh\u1ec9 ti\u1ebfng anh l\u00e0 g\u00ec ?", "action_flag": 1, "change_message": "[{\"added\": {}}, {\"added\": {\"name\": \"choice\", \"object\": \"Monkey\"}}, {\"added\": {\"name\": \"choice\", \"object\": \"Elephant\"}}, {\"added\": {\"name\": \"choice\", \"object\": \"Cat\"}}, {\"added\": {\"name\": \"choice\", \"object\": \"Dog\"}}]"}}, {"model": "admin.logentry", "pk": 2, "fields": {"action_time": "2019-05-13T05:05:43.386Z", "user": 1, "content_type": 8, "object_id": "2", "object_repr": "Question 1", "action_flag": 1, "change_message": "[{\"added\": {}}, {\"added\": {\"name\": \"choice\", \"object\": \"1\"}}, {\"added\": {\"name\": \"choice\", \"object\": \"2\"}}, {\"added\": {\"name\": \"choice\", \"object\": \"3\"}}, {\"added\": {\"name\": \"choice\", \"object\": \"4\"}}]"}}, {"model": "admin.logentry", "pk": 3, "fields": {"action_time": "2019-05-13T05:05:50.934Z", "user": 1, "content_type": 8, "object_id": "3", "object_repr": "Question 2", "action_flag": 1, "change_message": "[{\"added\": {}}, {\"added\": {\"name\": \"choice\", \"object\": \"1\"}}, {\"added\": {\"name\": \"choice\", \"object\": \"2\"}}, {\"added\": {\"name\": \"choice\", \"object\": \"3\"}}, {\"added\": {\"name\": \"choice\", \"object\": \"4\"}}]"}}, {"model": "admin.logentry", "pk": 4, "fields": {"action_time": "2019-05-13T05:05:58.010Z", "user": 1, "content_type": 8, "object_id": "4", "object_repr": "Question 3", "action_flag": 1, "change_message": "[{\"added\": {}}, {\"added\": {\"name\": \"choice\", \"object\": \"1\"}}, {\"added\": {\"name\": \"choice\", \"object\": \"2\"}}, {\"added\": {\"name\": \"choice\", \"object\": \"3\"}}, {\"added\": {\"name\": \"choice\", \"object\": \"4\"}}]"}}, {"model": "admin.logentry", "pk": 5, "fields": {"action_time": "2019-05-13T05:06:05.873Z", "user": 1, "content_type": 8, "object_id": "5", "object_repr": "Question 4", "action_flag": 1, "change_message": "[{\"added\": {}}, {\"added\": {\"name\": \"choice\", \"object\": \"1\"}}, {\"added\": {\"name\": \"choice\", \"object\": \"2\"}}, {\"added\": {\"name\": \"choice\", \"object\": \"3\"}}, {\"added\": {\"name\": \"choice\", \"object\": \"4\"}}]"}}, {"model": "admin.logentry", "pk": 6, "fields": {"action_time": "2019-05-13T05:06:12.445Z", "user": 1, "content_type": 8, "object_id": "6", "object_repr": "Question 5", "action_flag": 1, "change_message": "[{\"added\": {}}, {\"added\": {\"name\": \"choice\", \"object\": \"1\"}}, {\"added\": {\"name\": \"choice\", \"object\": \"2\"}}, {\"added\": {\"name\": \"choice\", \"object\": \"3\"}}, {\"added\": {\"name\": \"choice\", \"object\": \"4\"}}]"}}, {"model": "admin.logentry", "pk": 7, "fields": {"action_time": "2019-05-13T05:06:19.035Z", "user": 1, "content_type": 8, "object_id": "7", "object_repr": "Question 6", "action_flag": 1, "change_message": "[{\"added\": {}}, {\"added\": {\"name\": \"choice\", \"object\": \"1\"}}, {\"added\": {\"name\": \"choice\", \"object\": \"2\"}}, {\"added\": {\"name\": \"choice\", \"object\": \"3\"}}, {\"added\": {\"name\": \"choice\", \"object\": \"4\"}}]"}}, {"model": "admin.logentry", "pk": 8, "fields": {"action_time": "2019-05-13T05:06:25.276Z", "user": 1, "content_type": 8, "object_id": "8", "object_repr": "Question 7", "action_flag": 1, "change_message": "[{\"added\": {}}, {\"added\": {\"name\": \"choice\", \"object\": \"1\"}}, {\"added\": {\"name\": \"choice\", \"object\": \"2\"}}, {\"added\": {\"name\": \"choice\", \"object\": \"3\"}}, {\"added\": {\"name\": \"choice\", \"object\": \"4\"}}]"}}, {"model": "admin.logentry", "pk": 9, "fields": {"action_time": "2019-05-13T05:06:31.692Z", "user": 1, "content_type": 8, "object_id": "9", "object_repr": "Question 8", "action_flag": 1, "change_message": "[{\"added\": {}}, {\"added\": {\"name\": \"choice\", \"object\": \"1\"}}, {\"added\": {\"name\": \"choice\", \"object\": \"2\"}}, {\"added\": {\"name\": \"choice\", \"object\": \"3\"}}, {\"added\": {\"name\": \"choice\", \"object\": \"4\"}}]"}}, {"model": "admin.logentry", "pk": 10, "fields": {"action_time": "2019-05-13T05:06:37.835Z", "user": 1, "content_type": 8, "object_id": "10", "object_repr": "Question 9", "action_flag": 1, "change_message": "[{\"added\": {}}, {\"added\": {\"name\": \"choice\", \"object\": \"1\"}}, {\"added\": {\"name\": \"choice\", \"object\": \"2\"}}, {\"added\": {\"name\": \"choice\", \"object\": \"3\"}}, {\"added\": {\"name\": \"choice\", \"object\": \"4\"}}]"}}, {"model": "admin.logentry", "pk": 11, "fields": {"action_time": "2019-05-13T05:06:44.891Z", "user": 1, "content_type": 8, "object_id": "11", "object_repr": "Question 10", "action_flag": 1, "change_message": "[{\"added\": {}}, {\"added\": {\"name\": \"choice\", \"object\": \"1\"}}, {\"added\": {\"name\": \"choice\", \"object\": \"2\"}}, {\"added\": {\"name\": \"choice\", \"object\": \"3\"}}, {\"added\": {\"name\": \"choice\", \"object\": \"4\"}}]"}}, {"model": "admin.logentry", "pk": 12, "fields": {"action_time": "2019-05-13T05:06:53.207Z", "user": 1, "content_type": 8, "object_id": "12", "object_repr": "Question 11", "action_flag": 1, "change_message": "[{\"added\": {}}, {\"added\": {\"name\": \"choice\", \"object\": \"1\"}}, {\"added\": {\"name\": \"choice\", \"object\": \"2\"}}, {\"added\": {\"name\": \"choice\", \"object\": \"3\"}}, {\"added\": {\"name\": \"choice\", \"object\": \"4\"}}]"}}, {"model": "admin.logentry", "pk": 13, "fields": {"action_time": "2019-05-13T05:07:57.809Z", "user": 1, "content_type": 8, "object_id": "13", "object_repr": "Question 12", "action_flag": 1, "change_message": "[{\"added\": {}}, {\"added\": {\"name\": \"choice\", \"object\": \"1\"}}, {\"added\": {\"name\": \"choice\", \"object\": \"2\"}}, {\"added\": {\"name\": \"choice\", \"object\": \"3\"}}, {\"added\": {\"name\": \"choice\", \"object\": \"4\"}}]"}}, {"model": "admin.logentry", "pk": 14, "fields": {"action_time": "2019-05-13T17:23:00.158Z", "user": 1, "content_type": 10, "object_id": "1", "object_repr": "Animals", "action_flag": 1, "change_message": "[{\"added\": {}}]"}}, {"model": "admin.logentry", "pk": 15, "fields": {"action_time": "2019-05-13T17:23:23.621Z", "user": 1, "content_type": 10, "object_id": "2", "object_repr": "Fruits", "action_flag": 1, "change_message": "[{\"added\": {}}]"}}, {"model": "admin.logentry", "pk": 16, "fields": {"action_time": "2019-05-13T17:31:41.223Z", "user": 1, "content_type": 10, "object_id": "3", "object_repr": "Numbers", "action_flag": 1, "change_message": "[{\"added\": {}}]"}}, {"model": "admin.logentry", "pk": 17, "fields": {"action_time": "2019-05-13T17:31:51.686Z", "user": 1, "content_type": 10, "object_id": "4", "object_repr": "Transports", "action_flag": 1, "change_message": "[{\"added\": {}}]"}}, {"model": "admin.logentry", "pk": 18, "fields": {"action_time": "2019-05-13T17:31:59.650Z", "user": 1, "content_type": 10, "object_id": "5", "object_repr": "Colors", "action_flag": 1, "change_message": "[{\"added\": {}}]"}}, {"model": "admin.logentry", "pk": 19, "fields": {"action_time": "2019-05-13T17:51:07.208Z", "user": 1, "content_type": 10, "object_id": "1", "object_repr": "Animals", "action_flag": 2, "change_message": "[{\"added\": {\"name\": \"word\", \"object\": \"Cat\"}}]"}}, {"model": "admin.logentry", "pk": 20, "fields": {"action_time": "2019-05-13T17:53:18.357Z", "user": 1, "content_type": 10, "object_id": "1", "object_repr": "Animals", "action_flag": 2, "change_message": "[{\"added\": {\"name\": \"word\", \"object\": \"Dog\"}}, {\"added\": {\"name\": \"word\", \"object\": \"Horse\"}}, {\"added\": {\"name\": \"word\", \"object\": \"Koala\"}}, {\"added\": {\"name\": \"word\", \"object\": \"Bear\"}}]"}}, {"model": "admin.logentry", "pk": 21, "fields": {"action_time": "2019-05-13T17:55:14.430Z", "user": 1, "content_type": 10, "object_id": "2", "object_repr": "Fruits", "action_flag": 2, "change_message": "[{\"added\": {\"name\": \"word\", \"object\": \"Apple\"}}, {\"added\": {\"name\": \"word\", \"object\": \"Grapes\"}}, {\"added\": {\"name\": \"word\", \"object\": \"Pineapple\"}}, {\"added\": {\"name\": \"word\", \"object\": \"Watermelon\"}}]"}}, {"model": "admin.logentry", "pk": 22, "fields": {"action_time": "2019-05-13T17:56:25.522Z", "user": 1, "content_type": 10, "object_id": "3", "object_repr": "Numbers", "action_flag": 2, "change_message": "[{\"added\": {\"name\": \"word\", \"object\": \"Zero\"}}, {\"added\": {\"name\": \"word\", \"object\": \"Six\"}}, {\"added\": {\"name\": \"word\", \"object\": \"Nine\"}}]"}}, {"model": "admin.logentry", "pk": 23, "fields": {"action_time": "2019-05-13T18:05:37.894Z", "user": 1, "content_type": 10, "object_id": "4", "object_repr": "Transports", "action_flag": 2, "change_message": "[{\"added\": {\"name\": \"word\", \"object\": \"Car\"}}, {\"added\": {\"name\": \"word\", \"object\": \"Cycle\"}}, {\"added\": {\"name\": \"word\", \"object\": \"Motorcycle\"}}]"}}, {"model": "admin.logentry", "pk": 24, "fields": {"action_time": "2019-05-13T18:06:31.199Z", "user": 1, "content_type": 10, "object_id": "5", "object_repr": "Colors", "action_flag": 2, "change_message": "[{\"added\": {\"name\": \"word\", \"object\": \"Red\"}}, {\"added\": {\"name\": \"word\", \"object\": \"Yellow\"}}, {\"added\": {\"name\": \"word\", \"object\": \"Blue\"}}]"}}, {"model": "admin.logentry", "pk": 25, "fields": {"action_time": "2019-05-14T04:27:21.971Z", "user": 1, "content_type": 9, "object_id": "1", "object_repr": "Fruit song", "action_flag": 1, "change_message": "[{\"added\": {}}]"}}, {"model": "admin.logentry", "pk": 26, "fields": {"action_time": "2019-05-14T04:39:11.171Z", "user": 1, "content_type": 9, "object_id": "1", "object_repr": "Fruit song", "action_flag": 2, "change_message": "[]"}}, {"model": "admin.logentry", "pk": 27, "fields": {"action_time": "2019-05-14T04:40:59.473Z", "user": 1, "content_type": 9, "object_id": "2", "object_repr": "Jingle bells", "action_flag": 1, "change_message": "[{\"added\": {}}]"}}, {"model": "admin.logentry", "pk": 28, "fields": {"action_time": "2019-05-14T04:41:15.573Z", "user": 1, "content_type": 9, "object_id": "3", "object_repr": "Happy birthday song", "action_flag": 1, "change_message": "[{\"added\": {}}]"}}, {"model": "admin.logentry", "pk": 29, "fields": {"action_time": "2019-05-14T04:41:21.933Z", "user": 1, "content_type": 9, "object_id": "4", "object_repr": "Five little ducks", "action_flag": 1, "change_message": "[{\"added\": {}}]"}}, {"model": "admin.logentry", "pk": 30, "fields": {"action_time": "2019-05-14T04:41:32.520Z", "user": 1, "content_type": 9, "object_id": "5", "object_repr": "The ABC song", "action_flag": 1, "change_message": "[{\"added\": {}}]"}}, {"model": "admin.logentry", "pk": 31, "fields": {"action_time": "2019-05-14T04:41:41.316Z", "user": 1, "content_type": 9, "object_id": "6", "object_repr": "Wheels on the bus", "action_flag": 1, "change_message": "[{\"added\": {}}]"}}, {"model": "admin.logentry", "pk": 32, "fields": {"action_time": "2019-05-14T06:51:57.494Z", "user": 1, "content_type": 8, "object_id": "14", "object_repr": "test question", "action_flag": 3, "change_message": ""}}, {"model": "admin.logentry", "pk": 33, "fields": {"action_time": "2019-05-15T07:15:11.891Z", "user": 1, "content_type": 4, "object_id": "4", "object_repr": "a", "action_flag": 3, "change_message": ""}}, {"model": "admin.logentry", "pk": 34, "fields": {"action_time": "2019-05-15T07:15:11.898Z", "user": 1, "content_type": 4, "object_id": "5", "object_repr": "aa", "action_flag": 3, "change_message": ""}}, {"model": "admin.logentry", "pk": 35, "fields": {"action_time": "2019-05-15T07:15:11.909Z", "user": 1, "content_type": 4, "object_id": "6", "object_repr": "aaa2", "action_flag": 3, "change_message": ""}}, {"model": "admin.logentry", "pk": 36, "fields": {"action_time": "2019-05-15T07:15:11.915Z", "user": 1, "content_type": 4, "object_id": "7", "object_repr": "aaa3", "action_flag": 3, "change_message": ""}}, {"model": "admin.logentry", "pk": 37, "fields": {"action_time": "2019-05-15T07:15:11.925Z", "user": 1, "content_type": 4, "object_id": "2", "object_repr": "testuser1", "action_flag": 3, "change_message": ""}}, {"model": "admin.logentry", "pk": 38, "fields": {"action_time": "2019-05-15T07:15:11.933Z", "user": 1, "content_type": 4, "object_id": "3", "object_repr": "testuser2", "action_flag": 3, "change_message": ""}}, {"model": "admin.logentry", "pk": 39, "fields": {"action_time": "2019-05-16T05:18:25.513Z", "user": 1, "content_type": 12, "object_id": "1", "object_repr": "Con kh\u1ec9 ti\u1ebfng anh l\u00e0 g\u00ec ?", "action_flag": 1, "change_message": "[{\"added\": {}}]"}}, {"model": "admin.logentry", "pk": 40, "fields": {"action_time": "2019-05-16T05:24:26.891Z", "user": 1, "content_type": 12, "object_id": "1", "object_repr": "Con kh\u1ec9 ti\u1ebfng anh l\u00e0 g\u00ec ?", "action_flag": 2, "change_message": "[{\"changed\": {\"fields\": [\"correctAnswer\", \"isCorrectAnswer\"]}}]"}}, {"model": "admin.logentry", "pk": 41, "fields": {"action_time": "2019-05-16T06:00:27.141Z", "user": 1, "content_type": 12, "object_id": "1", "object_repr": "Con kh\u1ec9 ti\u1ebfng anh l\u00e0 g\u00ec ?", "action_flag": 2, "change_message": "[{\"changed\": {\"fields\": [\"isCorrectAnswer\"]}}]"}}, {"model": "admin.logentry", "pk": 42, "fields": {"action_time": "2019-05-16T07:53:05.454Z", "user": 1, "content_type": 8, "object_id": "13", "object_repr": "Question 12", "action_flag": 3, "change_message": ""}}, {"model": "admin.logentry", "pk": 43, "fields": {"action_time": "2019-05-16T07:53:05.461Z", "user": 1, "content_type": 8, "object_id": "12", "object_repr": "Question 11", "action_flag": 3, "change_message": ""}}, {"model": "admin.logentry", "pk": 44, "fields": {"action_time": "2019-05-16T07:53:05.471Z", "user": 1, "content_type": 8, "object_id": "11", "object_repr": "Question 10", "action_flag": 3, "change_message": ""}}, {"model": "admin.logentry", "pk": 45, "fields": {"action_time": "2019-05-16T07:53:05.479Z", "user": 1, "content_type": 8, "object_id": "10", "object_repr": "Question 9", "action_flag": 3, "change_message": ""}}, {"model": "admin.logentry", "pk": 46, "fields": {"action_time": "2019-05-16T07:53:05.488Z", "user": 1, "content_type": 8, "object_id": "9", "object_repr": "Question 8", "action_flag": 3, "change_message": ""}}, {"model": "admin.logentry", "pk": 47, "fields": {"action_time": "2019-05-16T07:53:05.494Z", "user": 1, "content_type": 8, "object_id": "8", "object_repr": "Question 7", "action_flag": 3, "change_message": ""}}, {"model": "admin.logentry", "pk": 48, "fields": {"action_time": "2019-05-16T07:53:05.504Z", "user": 1, "content_type": 8, "object_id": "7", "object_repr": "Question 6", "action_flag": 3, "change_message": ""}}, {"model": "admin.logentry", "pk": 49, "fields": {"action_time": "2019-05-16T07:53:05.511Z", "user": 1, "content_type": 8, "object_id": "6", "object_repr": "Question 5", "action_flag": 3, "change_message": ""}}, {"model": "admin.logentry", "pk": 50, "fields": {"action_time": "2019-05-16T07:53:05.520Z", "user": 1, "content_type": 8, "object_id": "5", "object_repr": "Question 4", "action_flag": 3, "change_message": ""}}, {"model": "admin.logentry", "pk": 51, "fields": {"action_time": "2019-05-16T07:53:05.527Z", "user": 1, "content_type": 8, "object_id": "4", "object_repr": "Question 3", "action_flag": 3, "change_message": ""}}, {"model": "admin.logentry", "pk": 52, "fields": {"action_time": "2019-05-16T07:53:05.537Z", "user": 1, "content_type": 8, "object_id": "3", "object_repr": "Question 2", "action_flag": 3, "change_message": ""}}, {"model": "admin.logentry", "pk": 53, "fields": {"action_time": "2019-05-16T07:53:05.543Z", "user": 1, "content_type": 8, "object_id": "2", "object_repr": "Question 1", "action_flag": 3, "change_message": ""}}, {"model": "admin.logentry", "pk": 54, "fields": {"action_time": "2019-05-16T07:53:42.676Z", "user": 1, "content_type": 8, "object_id": "14", "object_repr": "Xe \u0111\u1ea1p ti\u1ebfng anh l\u00e0 g\u00ec ?", "action_flag": 1, "change_message": "[{\"added\": {}}, {\"added\": {\"name\": \"choice\", \"object\": \"Car\"}}, {\"added\": {\"name\": \"choice\", \"object\": \"Cycle\"}}, {\"added\": {\"name\": \"choice\", \"object\": \"Motorcycle\"}}, {\"added\": {\"name\": \"choice\", \"object\": \"Rocket\"}}]"}}, {"model": "admin.logentry", "pk": 55, "fields": {"action_time": "2019-05-16T07:54:01.741Z", "user": 1, "content_type": 8, "object_id": "15", "object_repr": "M\u00e0u \u0111\u1ecf ti\u1ebfng anh l\u00e0 g\u00ec ?", "action_flag": 1, "change_message": "[{\"added\": {}}, {\"added\": {\"name\": \"choice\", \"object\": \"Red\"}}, {\"added\": {\"name\": \"choice\", \"object\": \"Blue\"}}, {\"added\": {\"name\": \"choice\", \"object\": \"White\"}}, {\"added\": {\"name\": \"choice\", \"object\": \"Green\"}}]"}}, {"model": "admin.logentry", "pk": 56, "fields": {"action_time": "2019-05-16T07:54:47.754Z", "user": 1, "content_type": 8, "object_id": "16", "object_repr": "Ch\u00f9m nho ti\u1ebfng anh l\u00e0 g\u00ec ?", "action_flag": 1, "change_message": "[{\"added\": {}}, {\"added\": {\"name\": \"choice\", \"object\": \"Grapes\"}}, {\"added\": {\"name\": \"choice\", \"object\": \"Apple\"}}, {\"added\": {\"name\": \"choice\", \"object\": \"Watermelon\"}}, {\"added\": {\"name\": \"choice\", \"object\": \"Pineapple\"}}]"}}, {"model": "admin.logentry", "pk": 57, "fields": {"action_time": "2019-05-16T07:55:05.304Z", "user": 1, "content_type": 8, "object_id": "17", "object_repr": "Qu\u1ea3 t\u00e1o ti\u1ebfng anh l\u00e0 g\u00ec ?", "action_flag": 1, "change_message": "[{\"added\": {}}, {\"added\": {\"name\": \"choice\", \"object\": \"Grapes\"}}, {\"added\": {\"name\": \"choice\", \"object\": \"Apple\"}}, {\"added\": {\"name\": \"choice\", \"object\": \"Pineapple\"}}, {\"added\": {\"name\": \"choice\", \"object\": \"Watermelon\"}}]"}}, {"model": "admin.logentry", "pk": 58, "fields": {"action_time": "2019-05-16T07:55:35.548Z", "user": 1, "content_type": 8, "object_id": "18", "object_repr": "Con g\u1ea5u t\u00fai ti\u1ebfng anh l\u00e0 g\u00ec ?", "action_flag": 1, "change_message": "[{\"added\": {}}, {\"added\": {\"name\": \"choice\", \"object\": \"Bear\"}}, {\"added\": {\"name\": \"choice\", \"object\": \"Koala\"}}, {\"added\": {\"name\": \"choice\", \"object\": \"Cat\"}}, {\"added\": {\"name\": \"choice\", \"object\": \"Dog\"}}]"}}, {"model": "admin.logentry", "pk": 59, "fields": {"action_time": "2019-05-16T07:55:49.447Z", "user": 1, "content_type": 8, "object_id": "19", "object_repr": "Con g\u1ea5u ti\u1ebfng anh l\u00e0 g\u00ec ?", "action_flag": 1, "change_message": "[{\"added\": {}}, {\"added\": {\"name\": \"choice\", \"object\": \"Elephant\"}}, {\"added\": {\"name\": \"choice\", \"object\": \"Mouse\"}}, {\"added\": {\"name\": \"choice\", \"object\": \"Bear\"}}, {\"added\": {\"name\": \"choice\", \"object\": \"Dog\"}}]"}}, {"model": "admin.logentry", "pk": 60, "fields": {"action_time": "2019-05-16T07:56:14.079Z", "user": 1, "content_type": 8, "object_id": "20", "object_repr": "Con m\u00e8o ti\u1ebfng anh l\u00e0 g\u00ec ?", "action_flag": 1, "change_message": "[{\"added\": {}}, {\"added\": {\"name\": \"choice\", \"object\": \"Dog\"}}, {\"added\": {\"name\": \"choice\", \"object\": \"Cat\"}}, {\"added\": {\"name\": \"choice\", \"object\": \"Elephant\"}}, {\"added\": {\"name\": \"choice\", \"object\": \"Bear\"}}]"}}, {"model": "admin.logentry", "pk": 61, "fields": {"action_time": "2019-05-16T08:17:29.503Z", "user": 1, "content_type": 12, "object_id": "1", "object_repr": "Con kh\u1ec9 ti\u1ebfng anh l\u00e0 g\u00ec ?", "action_flag": 3, "change_message": ""}}, {"model": "admin.logentry", "pk": 62, "fields": {"action_time": "2019-05-16T14:58:48.253Z", "user": 1, "content_type": 12, "object_id": "4", "object_repr": "default value", "action_flag": 1, "change_message": "[{\"added\": {}}]"}}]